,Unnamed: 0,0,1,"Sep 27,2020",3,4,"Sep 29,2019",6,7,8
0,0,,,,,,,,%,
1,1,Fiscal Year Ended,,,,,,,Change,
2,2,Net revenues:,,,,,,,,
3,3,Company-operated stores,$,,"19,164.6",$,,"21,544.4",,(11.0) %
4,4,Licensed stores,,,"2,327.1",,,"2,875.0",,(19.1)
5,5,Other,,,"2,026.3",,,"2,089.2",,(3.0)
6,6,Total net revenues,$,,"23,518.0",$,,"26,508.6",,(11.3)%
7,7,"Total net revenues decreased $3.0 billion, or 11%, over fiscal , primarily due to lower revenues from company-operated stores ($2.4 billion). The decline in",,,,,,,,
